{
  "id": "sentiment",
  "name":"sentiment",
  "title": "Sentiment",
  "description": "The Sentiment system for FoundryVTT!",
  "authors": [
    {
      "name": "AuRus",
      "discord": "aurus"
    }
  ],
  "media": [
    {
      "type": "setup",
      "url": "systems/sentiment/assets/anvil-impact.png",
      "thumbnail": "systems/sentiment/assets/anvil-impact.png"
    }
  ],
  "version": "1.0.1",
  "compatibility": {
    "minimum": 11,
    "verified": "11.315"
  },
  "esmodules": ["module/sentiment.mjs"],
  "styles": ["css/sentiment.css"],
  "languages": [
    {
      "lang": "en",
      "name": "English",
      "path": "lang/en.json"
    }
  ],
  "packs": [],
  "packFolders": [],
  "socket": false,
  "manifest": "https://raw.githubusercontent.com/djc6460/sentiment/master/system.json",
  "download": "https://github.com/djc6460/sentiment/releases/download/release-1.0.1/sentiment-release-1.0.1.zip",
  "background": "systems/sentiment/assets/anvil-impact.png",
  "url":"https://github.com/djc6460/sentiment",
  "gridDistance": 5,
  "gridUnits": "ft",
  "primaryTokenAttribute": "health"
}
